author,numb_subreddits
autowikibot,7
oneonetwooneonetwo,4
william44isme,4
LittleHelperRobot,5
MMSTINGRAY,4
robbieclacy,4
the_original_meepo,4
jay314271,4
ficarra1002,4
themathishard,4
ankrotachi10,4
starwarswii,4
dontaxmebro,4
spamyak,4
randomcoincidences,4
TwoTailedFox,4
Ayy_1mao,4
oscarandjo,4
ScientificMeth0d,4
9456734573,4
Really_Like_Pancakes,4
mrbibs350,4
simjanes2k,4
MistaSmiles,4
Oznog99,4
grunglebear,4
AR-47,4
Ignorred,4
SavageBeatings,4
reebee7,4
idledrone6633,4
FailedSociopath,4
NewerEngland,4
MrRobinGoodfellow,4
wickbush,4
AswiftTortoise,4
TotesMessenger,7
supremecrafters,4
Windows_is_locked,4
hc9,4
JustAdolf-LikeCher,4
reagan2020,4
DownvotesAdminPosts,5
xkcd_transcriber,5
FerengiStudent,5
bartlebeetuna,4
_420CakeDay,5
autourbanbot,6
Random_Link_Roulette,4
TotallyNotanOfficer,4
autowikiabot,5
blndcavefsh,5
twoheadedratboy,4
BlenderGuy,4
charmingCobra,4
BHOP_TO_NEUROFUNK,4
[deleted],10
miniflip,5
dittbub,4
TheCodexx,4
phazerbutt,4
PassiveAggressiveEmu,4
xereeto,5
whispen,7
Lamedonyx,5
kumquot-,4
maybebaked,4
Battletooth,4
wolscott,4
Philanthropiss,4
NamelessNamek,4
GMJack,4
cardevitoraphicticia,4
AccordionORama,4
eqleriq,4
Yaaarrrppp,4
Dindu_Muffins,4
afties,4
Derwos,4
SaiyaIV,4
jakub_h,4
I_Posted_That,4
PitchforkEmporium,4
PM_Me_Stuff_Please_,4
Kelend,4
Brobi_WanKenobi,4
kivaariHelix,4
poke_mon,4
AutoModerator,6
Mentioned_Videos,4
TweetPoster,4
TrollaBot,5
JoeBidenBot,7
bradtwo,4
GodKingThoth,4
thegr8rambino13,4
Dad_Jokes_Inbound,4
austin101123,4
coscorrodrift,5
heliotach712,4
wmeather,4
Mephistopholees,4
DeezNeezuts,4
tarzanboyo,4
-popgoes,4
piratse,5
youtubefactsbot,5
antdude,5
MilkOfMagnificent,4
mustdashgaming,4
Mr_Again,5
kaizervonmaanen,4
crysisnotaverted,4
fumod,4
dgrant92,4
Neptune9825,4
Define_It,6
image_linker_bot,4
VolvoKoloradikal,4
wwickeddogg,4
PigSlam,4
Rather_Unfortunate,4
Kirioko,4
Felixader,4
plomm,4
carottus_maximus,4
Denglish_kid,5
WhosAfraidOf_138,4
jhuynh405,4
untouchedURL,4
TweetsInCommentsBot,7
beelzeflub,4
tupendous,4
accepting_upvotes,4
Coffeechipmunk,4
Violets-Are-Blue,5
hitlerosexual,4
tdogg8,4
sotpmoke,4
somepersonontheweb,4
derleth,5
wolfman1911,4
Citadel_CRA,4
itonlygetsworse,4
mutatersalad,4
KeyVapours,4
Dain42,4
greatGoD67,4
